store,brand,name,description,url
Walmart,HP,"HP Printer Paper - Copy and Print, 20 lb., 8.5"" x 11"", 2,400 Sheets, 6 Pack","Papers is a premium line of uncoated printing paper optimized to provide superior print paper performance. Paper is a 20 lb., super smooth economical and multipurpose paper for everyday printing at home, at school and in the office. It's ultra white shade (92 bright, 155 whiteness) and Color Lok technology provides brighter colors and bolder blacks for reports, school work and all general printing needs.

Paper size: 8.5"" x 11"" letter size paper
Print and copier paper prevents yellowing over time to ensure a long-lasting appearance for added archival quality
Printer paper is Forest Stewardship Council (FSC) certified
Quantity: 2,400 sheets",https://www.walmart.com/ip/HP-Printer-Paper-Copy-and-Print-20-lb-8-5-x-11-2-400-Sheets-6-Pack/972411531?adsRedirect=true
Walmart,Pen+Gear,"Pen+Gear Copy Paper, 8.5"" x 11"", 92 Bright, White, 20 lb., 1 Ream (500 Sheets)","Let this Pen+Gear Copy Paper lead you on the right path to success for your next project. Whether you're printing presentation handouts, announcements, signs, or just starting up a new craft project, this traditional white copy paper is a versatile canvas that lends itself to achieving just about any printed results you're seeking. Stock your office with Pen+Gear Copy Paper today!

Jam-resistant printer paper at your ready, you can easily bring your designs to life with black and color ink, which makes this copy paper the perfect choice for use at home, office, or school
This pack comes complete with 500 sheets and delivers results in all laser, inkjet printers and copiers
Paper is certified by the Sustainable Forestry Initiative (SFI)",https://www.walmart.com/ip/Pen-Gear-Copy-Paper-8-5-x-11-92-Bright-White-20-lb-1-Ream-500-Sheets/487634010?athbdg=L1200
Staples,Staples,"Staples Pastel Colored Copy Paper 8 1/2"" x 11"" Lilac 500/Ream (14782) 678826","Color-code reports, presentations and other documents with this 30% recycled Staples 8.5 x 11-inch pastel lilac colored copy paper.

Create high-quality flyers, charts and other long-lasting documents with this 30% postconsumer recycled Staples letter-size pastel lilac colored copy paper. The 20-pound construction gives each sheet a sturdy feel, and it's acid-free, making the paper a safe choice for long-term archival projects. This Staples pastel lilac colored copy paper is letter size to work great with most printers, copiers and fax machines.

• Reliable multipurpose paper is perfect for everyday use.
• Paper measuring: 8.5"" x 11"" (US letter).
• Paper weight: 20 lbs.
• This pastel paper is ideal for injecting soft hues to any project.
• Purple color for an attractive look.
• Contains 500 sheets per ream.
• Contains 30% recycled post-consumer content to protect the natural environment.
• Acid-free to keep paper from crumbling or yellowing.
• Acid-free to keep paper from crumbling or yellowing.

• Sold as 500/Ream.
Sold as 500/Ream.
Reliable multipurpose paper is perfect for everyday use. Purple color for an attractive look. Acid-free to keep paper from crumbling or yellowing.
Paper measuring: 8.5"" x 11"" (US letter). Contains 500 sheets per ream.
Paper weight: 20 lbs. Contains 30% recycled post-consumer content to protect the natural environment.
This pastel paper is ideal for injecting soft hues to any project. Acid-free to keep paper from crumbling or yellowing.",https://www.walmart.com/ip/Staples-Pastel-Colored-Copy-Paper-8-1-2-x-11-Lilac-500-Ream-14782-678826/135484216?athcpid=135484216&athpgid=AthenaItempage&athcgid=null&athznid=si&athieid=v0_eeMTQuODQsNjQ1LjcxOTk5OTk5OTk5OTksMC4wMjk5NzM4OTI5MDY4OTMwMjgsMC41Xw&athstid=CS055&athguid=ecOHPgHKO1KY2WTXRD-odi20xddlNFIIgcbN&athancid=487634010&athposb=13&athena=true
Walmart,Elementree,"Paris Corporation Elementree Sustainable Multipurpose Paper, 20 lb., 8.5"" x 11"", 2500 Sheets","Elementree Sustainable Printer Paper is the wise choice for every day printing i.e. emails, reports, presentations, research, class assignments and more! A low cost, low impact, sustainable printer paper that is thicker than normal copy paper. What a deal! Our eco-friendly paper features a high opacity which limits show through for double-sided printing that reduces paper usage/impact on environment. Smooth, finish runs easily on personal printers, high speed office laser printers, and inkjet copiers. PRINT WISELY® with Elementree® Printer Paper, the wise choice for your every day paper copying and printing need.
Eco-friendly paper features a high opacity which limits show through for double-sided printing that reduces paper usage, impact on environment
Smooth, finish runs easily on personal printers, high speed office laser printers, and inkjet copiers
Size: 8.5"" x 11""
Quantity: 2500 sheets",https://www.walmart.com/ip/Paris-Corporation-Elementree-Sustainable-Multipurpose-Paper-20-lb-8-5-x-11-2500-Sheets/440827816?athcpid=440827816&athpgid=AthenaItempage&athcgid=null&athznid=siext&athieid=v0&athstid=CS055%7ECS098&athguid=wjJHdwRa6NuxGywdvAeMQmryQoRwQPkYSvLL&athancid=135484216&athposb=2&athena=true&athbdg=L1102&adsRedirect=true
Walmart,Kleenex,"Kleenex Ultra Soft Facial Tissues, 2 Flat Boxes","Tissues may be soft, but there’s only one Kleenex Ultra Soft—made with three thick layers for a perfect balance of softness and strength. Whether it's for cold and flu season, pollen allergies, or everything in between you'll have plenty for everyone with Kleenex Ultra Soft with 2 flat boxes of 120 white ultra soft tissues. Designed for runny noses and watery eyes, our lotion-free and dye-free tissues have no added fragrance and feature soft, strong and absorbent care for face and hands. Plus, you can find a tissue box that’s attractive for your home in various colors and designs. 100% of our pulp is from responsibly managed forests. Want to nourish your skin? Try Kleenex Soothing Lotion Facial Tissues with Coconut Oil, Aloe and Vitamin E.
Each box of Kleenex Ultra Soft contains 120 tissues—packaging may vary from what is shown.
America’s #1 preferred Ultra Tissue (vs Ultra national brands) softly comforts skin with 3 thick layers.
3 thick layers to comfort face and help protect hands for everyday use and during allergy season, back-to-school season, and cold and flu season.
Each box of hypoallergenic facial tissues has designs that can fit your home—contains various colors and designs.
Skip the store and get Kleenex Ultra Soft delivered right to your door.",https://www.walmart.com/ip/Kleenex-Ultra-Soft-Facial-Tissues-2-Flat-Boxes/699508285?athcpid=699508285&athpgid=AthenaItempage&athcgid=null&athznid=ci&athieid=v0&athstid=CS099&athguid=ATy3S77JH1lqyLHsmAp52L-P7i06AT7WtggP&athancid=440827816&athena=true&athbdg=L1600&adsRedirect=true